Date,Name,Year,Letterboxd URI
2024-03-20,"Crouching Tiger, Hidden Dragon",2000,https://boxd.it/2b1M
2024-03-20,Kiki's Delivery Service,1989,https://boxd.it/1JAY
2024-03-30,Baby Driver,2017,https://boxd.it/bhF2
2024-04-02,The Outfit,2022,https://boxd.it/u6Eq
2024-04-02,Paprika,2006,https://boxd.it/23wW
2024-04-04,Whiplash,2014,https://boxd.it/7bQA
2024-04-11,Wish I Was Here,2014,https://boxd.it/6Pf8
2024-04-13,The Hunger Games: The Ballad of Songbirds & Snakes,2023,https://boxd.it/pZCY
2024-04-13,Vice,2018,https://boxd.it/fcFY
2024-04-13,The Town,2010,https://boxd.it/1zyS
2024-04-16,Perfect Blue,1997,https://boxd.it/1W7A
2024-05-13,Open Range,2003,https://boxd.it/27xE
2024-05-13,Fastball,2016,https://boxd.it/aNQE
2024-05-20,Gone Girl,2014,https://boxd.it/6hQu
2024-05-20,Dumb Money,2023,https://boxd.it/tNdU
2024-05-30,Godzilla Minus One,2023,https://boxd.it/zu4c
2024-06-05,Romeo + Juliet,1996,https://boxd.it/2ama
2024-06-17,Punch-Drunk Love,2002,https://boxd.it/20E4
2024-06-17,Daddy's Home,2015,https://boxd.it/8jSc
2024-06-19,Beverly Hills Cop,1984,https://boxd.it/2baE
2024-09-30,Her,2013,https://boxd.it/4O24
2025-01-07,The Sugarland Express,1974,https://boxd.it/23la
2025-01-13,Bedazzled,2000,https://boxd.it/28qu
2025-01-14,Sonic the Hedgehog,2020,https://boxd.it/gdK8
2025-01-14,Blazing Saddles,1974,https://boxd.it/1UHQ
2025-01-20,The Taking of Pelham One Two Three,1974,https://boxd.it/20lG
2025-01-22,Close Encounters of the Third Kind,1977,https://boxd.it/29u8
2025-02-17,Easy A,2010,https://boxd.it/17DK
2025-02-25,Schindler's List,1993,https://boxd.it/2aq2
2025-03-06,Batman Returns,1992,https://boxd.it/2awa
2025-03-16,Lost Highway,1997,https://boxd.it/29Wc
2025-04-05,Once,2007,https://boxd.it/22GG
2025-05-23,Harvey,1950,https://boxd.it/1T5w
2025-05-27,The Birdcage,1996,https://boxd.it/1UTi
2025-06-07,The Killing of a Sacred Deer,2017,https://boxd.it/dZ5G
2025-07-05,La La Land,2016,https://boxd.it/a5fa
2025-07-14,Blood Simple,1984,https://boxd.it/1U16
2025-07-19,Sorry to Bother You,2018,https://boxd.it/f21E
2025-07-19,Requiem for a Dream,2000,https://boxd.it/29VI
2025-07-20,A Star Is Born,2018,https://boxd.it/aXgc
2025-09-02,"O Brother, Where Art Thou?",2000,https://boxd.it/2b3I
2025-09-21,LEGO Star Wars: Rebuild the Galaxy,2024,https://boxd.it/QiDI
2025-09-30,Miami Vice,2006,https://boxd.it/2bbW
2025-10-09,But I'm a Cheerleader,1999,https://boxd.it/1CW4
2025-10-29,Roofman,2025,https://boxd.it/LcIW
2025-12-17,Children of Men,2006,https://boxd.it/1Y2i
2026-01-02,One Battle After Another,2025,https://boxd.it/DUHM
2026-01-03,The Lobster,2015,https://boxd.it/7tnw
2026-01-03,The Devil Wears Prada,2006,https://boxd.it/2awE
2026-01-24,Love & Basketball,2000,https://boxd.it/1Nu6
2026-02-04,â€‹Nirvana the Band the Show,2007,https://boxd.it/GITi
2026-02-04,Nirvanna the Band the Show the Movie,2025,https://boxd.it/HG9a
2026-02-05,Two Weeks Notice,2002,https://boxd.it/26wK
